--
-- PostgreSQL database dump
--

-- Dumped from database version 15.1
-- Dumped by pg_dump version 15.1

SET statement_timeout = 0;
SET lock_timeout = 0;
SET idle_in_transaction_session_timeout = 0;
SET client_encoding = 'UTF8';
SET standard_conforming_strings = on;
SELECT pg_catalog.set_config('search_path', '', false);
SET check_function_bodies = false;
SET xmloption = content;
SET client_min_messages = warning;
SET row_security = off;

SET default_tablespace = '';

SET default_table_access_method = heap;

--
-- Name: account_emailaddress; Type: TABLE; Schema: public; Owner: postgres
--

CREATE TABLE public.account_emailaddress (
    id integer NOT NULL,
    email character varying(254) NOT NULL,
    verified boolean NOT NULL,
    "primary" boolean NOT NULL,
    user_id integer NOT NULL
);


ALTER TABLE public.account_emailaddress OWNER TO postgres;

--
-- Name: account_emailaddress_id_seq; Type: SEQUENCE; Schema: public; Owner: postgres
--

ALTER TABLE public.account_emailaddress ALTER COLUMN id ADD GENERATED BY DEFAULT AS IDENTITY (
    SEQUENCE NAME public.account_emailaddress_id_seq
    START WITH 1
    INCREMENT BY 1
    NO MINVALUE
    NO MAXVALUE
    CACHE 1
);


--
-- Name: account_emailconfirmation; Type: TABLE; Schema: public; Owner: postgres
--

CREATE TABLE public.account_emailconfirmation (
    id integer NOT NULL,
    created timestamp with time zone NOT NULL,
    sent timestamp with time zone,
    key character varying(64) NOT NULL,
    email_address_id integer NOT NULL
);


ALTER TABLE public.account_emailconfirmation OWNER TO postgres;

--
-- Name: account_emailconfirmation_id_seq; Type: SEQUENCE; Schema: public; Owner: postgres
--

ALTER TABLE public.account_emailconfirmation ALTER COLUMN id ADD GENERATED BY DEFAULT AS IDENTITY (
    SEQUENCE NAME public.account_emailconfirmation_id_seq
    START WITH 1
    INCREMENT BY 1
    NO MINVALUE
    NO MAXVALUE
    CACHE 1
);


--
-- Name: app_curso; Type: TABLE; Schema: public; Owner: postgres
--

CREATE TABLE public.app_curso (
    id bigint NOT NULL,
    name character varying(250) NOT NULL,
    descripcion character varying(500) NOT NULL,
    imagen character varying(255),
    tags character varying(250),
    calificacion character varying NOT NULL,
    categoria character varying NOT NULL,
    tipo character varying NOT NULL
);


ALTER TABLE public.app_curso OWNER TO postgres;

--
-- Name: app_curso_id_seq; Type: SEQUENCE; Schema: public; Owner: postgres
--

ALTER TABLE public.app_curso ALTER COLUMN id ADD GENERATED BY DEFAULT AS IDENTITY (
    SEQUENCE NAME public.app_curso_id_seq
    START WITH 1
    INCREMENT BY 1
    NO MINVALUE
    NO MAXVALUE
    CACHE 1
);


--
-- Name: app_nota; Type: TABLE; Schema: public; Owner: postgres
--

CREATE TABLE public.app_nota (
    id bigint NOT NULL,
    contenido text NOT NULL,
    fecha_creacion timestamp with time zone NOT NULL,
    perfil_id bigint NOT NULL
);


ALTER TABLE public.app_nota OWNER TO postgres;

--
-- Name: app_nota_id_seq; Type: SEQUENCE; Schema: public; Owner: postgres
--

ALTER TABLE public.app_nota ALTER COLUMN id ADD GENERATED BY DEFAULT AS IDENTITY (
    SEQUENCE NAME public.app_nota_id_seq
    START WITH 1
    INCREMENT BY 1
    NO MINVALUE
    NO MAXVALUE
    CACHE 1
);


--
-- Name: app_profile; Type: TABLE; Schema: public; Owner: postgres
--

CREATE TABLE public.app_profile (
    id bigint NOT NULL,
    user_id integer NOT NULL
);


ALTER TABLE public.app_profile OWNER TO postgres;

--
-- Name: app_profile_cursos; Type: TABLE; Schema: public; Owner: postgres
--

CREATE TABLE public.app_profile_cursos (
    id bigint NOT NULL,
    profile_id bigint NOT NULL,
    curso_id bigint NOT NULL
);


ALTER TABLE public.app_profile_cursos OWNER TO postgres;

--
-- Name: app_profile_cursos_id_seq; Type: SEQUENCE; Schema: public; Owner: postgres
--

ALTER TABLE public.app_profile_cursos ALTER COLUMN id ADD GENERATED BY DEFAULT AS IDENTITY (
    SEQUENCE NAME public.app_profile_cursos_id_seq
    START WITH 1
    INCREMENT BY 1
    NO MINVALUE
    NO MAXVALUE
    CACHE 1
);


--
-- Name: app_profile_id_seq; Type: SEQUENCE; Schema: public; Owner: postgres
--

ALTER TABLE public.app_profile ALTER COLUMN id ADD GENERATED BY DEFAULT AS IDENTITY (
    SEQUENCE NAME public.app_profile_id_seq
    START WITH 1
    INCREMENT BY 1
    NO MINVALUE
    NO MAXVALUE
    CACHE 1
);


--
-- Name: app_tema; Type: TABLE; Schema: public; Owner: postgres
--

CREATE TABLE public.app_tema (
    id bigint NOT NULL,
    name character varying(250) NOT NULL,
    email_req boolean NOT NULL,
    contenido text NOT NULL,
    curso_id bigint NOT NULL,
    imagen character varying(255)
);


ALTER TABLE public.app_tema OWNER TO postgres;

--
-- Name: app_tema_id_seq; Type: SEQUENCE; Schema: public; Owner: postgres
--

ALTER TABLE public.app_tema ALTER COLUMN id ADD GENERATED BY DEFAULT AS IDENTITY (
    SEQUENCE NAME public.app_tema_id_seq
    START WITH 1
    INCREMENT BY 1
    NO MINVALUE
    NO MAXVALUE
    CACHE 1
);


--
-- Name: auth_group; Type: TABLE; Schema: public; Owner: postgres
--

CREATE TABLE public.auth_group (
    id integer NOT NULL,
    name character varying(150) NOT NULL
);


ALTER TABLE public.auth_group OWNER TO postgres;

--
-- Name: auth_group_id_seq; Type: SEQUENCE; Schema: public; Owner: postgres
--

ALTER TABLE public.auth_group ALTER COLUMN id ADD GENERATED BY DEFAULT AS IDENTITY (
    SEQUENCE NAME public.auth_group_id_seq
    START WITH 1
    INCREMENT BY 1
    NO MINVALUE
    NO MAXVALUE
    CACHE 1
);


--
-- Name: auth_group_permissions; Type: TABLE; Schema: public; Owner: postgres
--

CREATE TABLE public.auth_group_permissions (
    id bigint NOT NULL,
    group_id integer NOT NULL,
    permission_id integer NOT NULL
);


ALTER TABLE public.auth_group_permissions OWNER TO postgres;

--
-- Name: auth_group_permissions_id_seq; Type: SEQUENCE; Schema: public; Owner: postgres
--

ALTER TABLE public.auth_group_permissions ALTER COLUMN id ADD GENERATED BY DEFAULT AS IDENTITY (
    SEQUENCE NAME public.auth_group_permissions_id_seq
    START WITH 1
    INCREMENT BY 1
    NO MINVALUE
    NO MAXVALUE
    CACHE 1
);


--
-- Name: auth_permission; Type: TABLE; Schema: public; Owner: postgres
--

CREATE TABLE public.auth_permission (
    id integer NOT NULL,
    name character varying(255) NOT NULL,
    content_type_id integer NOT NULL,
    codename character varying(100) NOT NULL
);


ALTER TABLE public.auth_permission OWNER TO postgres;

--
-- Name: auth_permission_id_seq; Type: SEQUENCE; Schema: public; Owner: postgres
--

ALTER TABLE public.auth_permission ALTER COLUMN id ADD GENERATED BY DEFAULT AS IDENTITY (
    SEQUENCE NAME public.auth_permission_id_seq
    START WITH 1
    INCREMENT BY 1
    NO MINVALUE
    NO MAXVALUE
    CACHE 1
);


--
-- Name: auth_user; Type: TABLE; Schema: public; Owner: postgres
--

CREATE TABLE public.auth_user (
    id integer NOT NULL,
    password character varying(128) NOT NULL,
    last_login timestamp with time zone,
    is_superuser boolean NOT NULL,
    username character varying(150) NOT NULL,
    first_name character varying(150) NOT NULL,
    last_name character varying(150) NOT NULL,
    email character varying(254) NOT NULL,
    is_staff boolean NOT NULL,
    is_active boolean NOT NULL,
    date_joined timestamp with time zone NOT NULL
);


ALTER TABLE public.auth_user OWNER TO postgres;

--
-- Name: auth_user_groups; Type: TABLE; Schema: public; Owner: postgres
--

CREATE TABLE public.auth_user_groups (
    id bigint NOT NULL,
    user_id integer NOT NULL,
    group_id integer NOT NULL
);


ALTER TABLE public.auth_user_groups OWNER TO postgres;

--
-- Name: auth_user_groups_id_seq; Type: SEQUENCE; Schema: public; Owner: postgres
--

ALTER TABLE public.auth_user_groups ALTER COLUMN id ADD GENERATED BY DEFAULT AS IDENTITY (
    SEQUENCE NAME public.auth_user_groups_id_seq
    START WITH 1
    INCREMENT BY 1
    NO MINVALUE
    NO MAXVALUE
    CACHE 1
);


--
-- Name: auth_user_id_seq; Type: SEQUENCE; Schema: public; Owner: postgres
--

ALTER TABLE public.auth_user ALTER COLUMN id ADD GENERATED BY DEFAULT AS IDENTITY (
    SEQUENCE NAME public.auth_user_id_seq
    START WITH 1
    INCREMENT BY 1
    NO MINVALUE
    NO MAXVALUE
    CACHE 1
);


--
-- Name: auth_user_user_permissions; Type: TABLE; Schema: public; Owner: postgres
--

CREATE TABLE public.auth_user_user_permissions (
    id bigint NOT NULL,
    user_id integer NOT NULL,
    permission_id integer NOT NULL
);


ALTER TABLE public.auth_user_user_permissions OWNER TO postgres;

--
-- Name: auth_user_user_permissions_id_seq; Type: SEQUENCE; Schema: public; Owner: postgres
--

ALTER TABLE public.auth_user_user_permissions ALTER COLUMN id ADD GENERATED BY DEFAULT AS IDENTITY (
    SEQUENCE NAME public.auth_user_user_permissions_id_seq
    START WITH 1
    INCREMENT BY 1
    NO MINVALUE
    NO MAXVALUE
    CACHE 1
);


--
-- Name: django_admin_log; Type: TABLE; Schema: public; Owner: postgres
--

CREATE TABLE public.django_admin_log (
    id integer NOT NULL,
    action_time timestamp with time zone NOT NULL,
    object_id text,
    object_repr character varying(200) NOT NULL,
    action_flag smallint NOT NULL,
    change_message text NOT NULL,
    content_type_id integer,
    user_id integer NOT NULL,
    CONSTRAINT django_admin_log_action_flag_check CHECK ((action_flag >= 0))
);


ALTER TABLE public.django_admin_log OWNER TO postgres;

--
-- Name: django_admin_log_id_seq; Type: SEQUENCE; Schema: public; Owner: postgres
--

ALTER TABLE public.django_admin_log ALTER COLUMN id ADD GENERATED BY DEFAULT AS IDENTITY (
    SEQUENCE NAME public.django_admin_log_id_seq
    START WITH 1
    INCREMENT BY 1
    NO MINVALUE
    NO MAXVALUE
    CACHE 1
);


--
-- Name: django_content_type; Type: TABLE; Schema: public; Owner: postgres
--

CREATE TABLE public.django_content_type (
    id integer NOT NULL,
    app_label character varying(100) NOT NULL,
    model character varying(100) NOT NULL
);


ALTER TABLE public.django_content_type OWNER TO postgres;

--
-- Name: django_content_type_id_seq; Type: SEQUENCE; Schema: public; Owner: postgres
--

ALTER TABLE public.django_content_type ALTER COLUMN id ADD GENERATED BY DEFAULT AS IDENTITY (
    SEQUENCE NAME public.django_content_type_id_seq
    START WITH 1
    INCREMENT BY 1
    NO MINVALUE
    NO MAXVALUE
    CACHE 1
);


--
-- Name: django_migrations; Type: TABLE; Schema: public; Owner: postgres
--

CREATE TABLE public.django_migrations (
    id bigint NOT NULL,
    app character varying(255) NOT NULL,
    name character varying(255) NOT NULL,
    applied timestamp with time zone NOT NULL
);


ALTER TABLE public.django_migrations OWNER TO postgres;

--
-- Name: django_migrations_id_seq; Type: SEQUENCE; Schema: public; Owner: postgres
--

ALTER TABLE public.django_migrations ALTER COLUMN id ADD GENERATED BY DEFAULT AS IDENTITY (
    SEQUENCE NAME public.django_migrations_id_seq
    START WITH 1
    INCREMENT BY 1
    NO MINVALUE
    NO MAXVALUE
    CACHE 1
);


--
-- Name: django_session; Type: TABLE; Schema: public; Owner: postgres
--

CREATE TABLE public.django_session (
    session_key character varying(40) NOT NULL,
    session_data text NOT NULL,
    expire_date timestamp with time zone NOT NULL
);


ALTER TABLE public.django_session OWNER TO postgres;

--
-- Name: django_site; Type: TABLE; Schema: public; Owner: postgres
--

CREATE TABLE public.django_site (
    id integer NOT NULL,
    domain character varying(100) NOT NULL,
    name character varying(50) NOT NULL
);


ALTER TABLE public.django_site OWNER TO postgres;

--
-- Name: django_site_id_seq; Type: SEQUENCE; Schema: public; Owner: postgres
--

ALTER TABLE public.django_site ALTER COLUMN id ADD GENERATED BY DEFAULT AS IDENTITY (
    SEQUENCE NAME public.django_site_id_seq
    START WITH 1
    INCREMENT BY 1
    NO MINVALUE
    NO MAXVALUE
    CACHE 1
);


--
-- Name: socialaccount_socialaccount; Type: TABLE; Schema: public; Owner: postgres
--

CREATE TABLE public.socialaccount_socialaccount (
    id integer NOT NULL,
    provider character varying(200) NOT NULL,
    uid character varying(191) NOT NULL,
    last_login timestamp with time zone NOT NULL,
    date_joined timestamp with time zone NOT NULL,
    extra_data jsonb NOT NULL,
    user_id integer NOT NULL
);


ALTER TABLE public.socialaccount_socialaccount OWNER TO postgres;

--
-- Name: socialaccount_socialaccount_id_seq; Type: SEQUENCE; Schema: public; Owner: postgres
--

ALTER TABLE public.socialaccount_socialaccount ALTER COLUMN id ADD GENERATED BY DEFAULT AS IDENTITY (
    SEQUENCE NAME public.socialaccount_socialaccount_id_seq
    START WITH 1
    INCREMENT BY 1
    NO MINVALUE
    NO MAXVALUE
    CACHE 1
);


--
-- Name: socialaccount_socialapp; Type: TABLE; Schema: public; Owner: postgres
--

CREATE TABLE public.socialaccount_socialapp (
    id integer NOT NULL,
    provider character varying(30) NOT NULL,
    name character varying(40) NOT NULL,
    client_id character varying(191) NOT NULL,
    secret character varying(191) NOT NULL,
    key character varying(191) NOT NULL,
    provider_id character varying(200) NOT NULL,
    settings jsonb NOT NULL
);


ALTER TABLE public.socialaccount_socialapp OWNER TO postgres;

--
-- Name: socialaccount_socialapp_id_seq; Type: SEQUENCE; Schema: public; Owner: postgres
--

ALTER TABLE public.socialaccount_socialapp ALTER COLUMN id ADD GENERATED BY DEFAULT AS IDENTITY (
    SEQUENCE NAME public.socialaccount_socialapp_id_seq
    START WITH 1
    INCREMENT BY 1
    NO MINVALUE
    NO MAXVALUE
    CACHE 1
);


--
-- Name: socialaccount_socialapp_sites; Type: TABLE; Schema: public; Owner: postgres
--

CREATE TABLE public.socialaccount_socialapp_sites (
    id bigint NOT NULL,
    socialapp_id integer NOT NULL,
    site_id integer NOT NULL
);


ALTER TABLE public.socialaccount_socialapp_sites OWNER TO postgres;

--
-- Name: socialaccount_socialapp_sites_id_seq; Type: SEQUENCE; Schema: public; Owner: postgres
--

ALTER TABLE public.socialaccount_socialapp_sites ALTER COLUMN id ADD GENERATED BY DEFAULT AS IDENTITY (
    SEQUENCE NAME public.socialaccount_socialapp_sites_id_seq
    START WITH 1
    INCREMENT BY 1
    NO MINVALUE
    NO MAXVALUE
    CACHE 1
);


--
-- Name: socialaccount_socialtoken; Type: TABLE; Schema: public; Owner: postgres
--

CREATE TABLE public.socialaccount_socialtoken (
    id integer NOT NULL,
    token text NOT NULL,
    token_secret text NOT NULL,
    expires_at timestamp with time zone,
    account_id integer NOT NULL,
    app_id integer
);


ALTER TABLE public.socialaccount_socialtoken OWNER TO postgres;

--
-- Name: socialaccount_socialtoken_id_seq; Type: SEQUENCE; Schema: public; Owner: postgres
--

ALTER TABLE public.socialaccount_socialtoken ALTER COLUMN id ADD GENERATED BY DEFAULT AS IDENTITY (
    SEQUENCE NAME public.socialaccount_socialtoken_id_seq
    START WITH 1
    INCREMENT BY 1
    NO MINVALUE
    NO MAXVALUE
    CACHE 1
);


--
-- Data for Name: account_emailaddress; Type: TABLE DATA; Schema: public; Owner: postgres
--

COPY public.account_emailaddress (id, email, verified, "primary", user_id) FROM stdin;
1	omarfaccuseh750@gmail.com	t	t	2
\.


--
-- Data for Name: account_emailconfirmation; Type: TABLE DATA; Schema: public; Owner: postgres
--

COPY public.account_emailconfirmation (id, created, sent, key, email_address_id) FROM stdin;
\.


--
-- Data for Name: app_curso; Type: TABLE DATA; Schema: public; Owner: postgres
--

COPY public.app_curso (id, name, descripcion, imagen, tags, calificacion, categoria, tipo) FROM stdin;
10	Curso pendiente	p1	\N	Java	uno	frontend	snack
8	Curso Java	Curso avanzado para lenguaje java	image/upload/v1730850234/iv1asvydirwfybl4691c.jpg	progr, back, J	cuatro	backend	curso
7	Curso VIM	Curso para el manejo de VIM	image/upload/v1730350706/qhzsa8nld1hyvrgdtnts.jpg	editor, utilities	tres	backend	snack
6	Cruso GO	Bienvenido al curso GO	image/upload/v1730349111/pyzbo7beujvqysrblch2.jpg	progr, languaje, google, go, GO	tres	backend	curso
9	Tailwind	Clases tailwind basicas	image/upload/v1730850356/glhujxmcnpq6exhuf2ux.jpg	progr, front, disenio	cinco	frontend	snack
11	Agregar BBDD Postgsql a tu proyecto en Django (con ejemplo)	Aprende como configurar tu proyecto django para dejar usar Sqlite y en su lugar conectar con una base de datos mas avanzada, Postgresql. Sin bugear en el intento	image/upload/v1732760872/ziz67nrjiwcsdqzckqic.png	pg, admin	tres	backend	snack
\.


--
-- Data for Name: app_nota; Type: TABLE DATA; Schema: public; Owner: postgres
--

COPY public.app_nota (id, contenido, fecha_creacion, perfil_id) FROM stdin;
2	soy nuevo	2024-11-23 02:04:17.544268+00	1
3	este es mi segunda nota	2024-11-23 02:04:31.812203+00	1
4	voy por mi tercer nota	2024-11-23 02:04:51.213578+00	1
\.


--
-- Data for Name: app_profile; Type: TABLE DATA; Schema: public; Owner: postgres
--

COPY public.app_profile (id, user_id) FROM stdin;
1	1
\.


--
-- Data for Name: app_profile_cursos; Type: TABLE DATA; Schema: public; Owner: postgres
--

COPY public.app_profile_cursos (id, profile_id, curso_id) FROM stdin;
1	1	9
3	1	6
\.


--
-- Data for Name: app_tema; Type: TABLE DATA; Schema: public; Owner: postgres
--

COPY public.app_tema (id, name, email_req, contenido, curso_id, imagen) FROM stdin;
4	Intro	f	Primer tema de GO	6	image/upload/v1730349173/ekwavhyhkuqjqvpeed74.jpg
5	Segundo tema de GO	f	Aqui se despliega el segundo tema de GO	6	image/upload/v1730349702/hz4rgi2ttqizpedtqug8.jpg
6	primer tema VIM	f	Esta es la introducción al editor VIM	7	image/upload/v1730350708/lyt6vp3idst9ztiibxrj.jpg
7	Variable en Java	f	A continuacion se muestra la sintaxisis del lenguaje	8	image/upload/v1730850274/erhqvzzv3g6bujq35kys.jpg
8	Domenisones	f	Clases para dimensionar elementos en tw	9	image/upload/v1730850357/ond3dnqzjrcbmwocgemv.jpg
9	Directivas en TW	f	Directiva 1: La directiva 1 se muestra acontinuacion: @media...	9	image/upload/v1730936329/czwiszomajw0sn6id8ma.jpg
10	Tema #3	f	Sin descripcion	9	image/upload/v1732565313/enp48jmteo4cn02unyvv.jpg
11	Tema num4	f	Nonee	9	image/upload/v1732565352/xgwabtndhcnengnltmy2.jpg
12	Tema Num5	f	NA	9	image/upload/v1732565381/smlccex1x2wcoblklpkz.jpg
13	uno	f	unooo	11	image/upload/v1732760874/rfhtfs7zq3yf4akpvqvh.jpg
\.


--
-- Data for Name: auth_group; Type: TABLE DATA; Schema: public; Owner: postgres
--

COPY public.auth_group (id, name) FROM stdin;
\.


--
-- Data for Name: auth_group_permissions; Type: TABLE DATA; Schema: public; Owner: postgres
--

COPY public.auth_group_permissions (id, group_id, permission_id) FROM stdin;
\.


--
-- Data for Name: auth_permission; Type: TABLE DATA; Schema: public; Owner: postgres
--

COPY public.auth_permission (id, name, content_type_id, codename) FROM stdin;
1	Can add log entry	1	add_logentry
2	Can change log entry	1	change_logentry
3	Can delete log entry	1	delete_logentry
4	Can view log entry	1	view_logentry
5	Can add permission	2	add_permission
6	Can change permission	2	change_permission
7	Can delete permission	2	delete_permission
8	Can view permission	2	view_permission
9	Can add group	3	add_group
10	Can change group	3	change_group
11	Can delete group	3	delete_group
12	Can view group	3	view_group
13	Can add user	4	add_user
14	Can change user	4	change_user
15	Can delete user	4	delete_user
16	Can view user	4	view_user
17	Can add content type	5	add_contenttype
18	Can change content type	5	change_contenttype
19	Can delete content type	5	delete_contenttype
20	Can view content type	5	view_contenttype
21	Can add session	6	add_session
22	Can change session	6	change_session
23	Can delete session	6	delete_session
24	Can view session	6	view_session
25	Can add curso	7	add_curso
26	Can change curso	7	change_curso
27	Can delete curso	7	delete_curso
28	Can view curso	7	view_curso
29	Can add tema	8	add_tema
30	Can change tema	8	change_tema
31	Can delete tema	8	delete_tema
32	Can view tema	8	view_tema
33	Can add profile	9	add_profile
34	Can change profile	9	change_profile
35	Can delete profile	9	delete_profile
36	Can view profile	9	view_profile
37	Can add site	10	add_site
38	Can change site	10	change_site
39	Can delete site	10	delete_site
40	Can view site	10	view_site
41	Can add email address	11	add_emailaddress
42	Can change email address	11	change_emailaddress
43	Can delete email address	11	delete_emailaddress
44	Can view email address	11	view_emailaddress
45	Can add email confirmation	12	add_emailconfirmation
46	Can change email confirmation	12	change_emailconfirmation
47	Can delete email confirmation	12	delete_emailconfirmation
48	Can view email confirmation	12	view_emailconfirmation
49	Can add social account	13	add_socialaccount
50	Can change social account	13	change_socialaccount
51	Can delete social account	13	delete_socialaccount
52	Can view social account	13	view_socialaccount
53	Can add social application	14	add_socialapp
54	Can change social application	14	change_socialapp
55	Can delete social application	14	delete_socialapp
56	Can view social application	14	view_socialapp
57	Can add social application token	15	add_socialtoken
58	Can change social application token	15	change_socialtoken
59	Can delete social application token	15	delete_socialtoken
60	Can view social application token	15	view_socialtoken
61	Can add nota	16	add_nota
62	Can change nota	16	change_nota
63	Can delete nota	16	delete_nota
64	Can view nota	16	view_nota
\.


--
-- Data for Name: auth_user; Type: TABLE DATA; Schema: public; Owner: postgres
--

COPY public.auth_user (id, password, last_login, is_superuser, username, first_name, last_name, email, is_staff, is_active, date_joined) FROM stdin;
2	!xDZJvHk00anhOe3o3loX01kTJyZcyQX4ghf4Mm8U	2024-10-19 00:41:01.914946+00	f	j._omar	J. Omar	Faccuseh Suarez	omarfaccuseh750@gmail.com	f	t	2024-10-18 22:35:39.195221+00
1	pbkdf2_sha256$870000$TSvkw6LfyKYDe7AQF2uqZa$yzSFoZgY/o95JA6+CW/6WquBmIKzpTWux86RiSkY2O0=	2024-11-25 20:07:51.119977+00	t	admin			admin@gmail.com	t	t	2024-10-18 20:31:59.449286+00
\.


--
-- Data for Name: auth_user_groups; Type: TABLE DATA; Schema: public; Owner: postgres
--

COPY public.auth_user_groups (id, user_id, group_id) FROM stdin;
\.


--
-- Data for Name: auth_user_user_permissions; Type: TABLE DATA; Schema: public; Owner: postgres
--

COPY public.auth_user_user_permissions (id, user_id, permission_id) FROM stdin;
\.


--
-- Data for Name: django_admin_log; Type: TABLE DATA; Schema: public; Owner: postgres
--

COPY public.django_admin_log (id, action_time, object_id, object_repr, action_flag, change_message, content_type_id, user_id) FROM stdin;
1	2024-10-18 21:08:26.951456+00	2	example.com	2	[]	10	1
2	2024-10-18 21:08:54.52831+00	3	127.0.0.1:8000	1	[{"added": {}}]	10	1
3	2024-10-23 01:37:45.70002+00	1	un	1	[{"added": {}}]	7	1
4	2024-10-23 01:38:49.228407+00	1	un	3		7	1
5	2024-10-23 02:49:01.82586+00	2	eee	1	[{"added": {}}]	7	1
6	2024-10-23 02:54:41.585228+00	3	ggggg	1	[{"added": {}}]	7	1
7	2024-10-23 18:29:13.820942+00	3	ggggg	2	[]	7	1
8	2024-10-23 18:29:17.083162+00	3	ggggg	2	[]	7	1
9	2024-10-23 18:29:34.221887+00	2	eee	2	[{"changed": {"fields": ["Image"]}}]	7	1
10	2024-10-25 23:39:14.744168+00	3	ggggg	2	[{"added": {"name": "tema", "object": "Tema object (1)"}}]	7	1
11	2024-10-27 15:09:34.116609+00	3	ggggg	2	[]	7	1
12	2024-10-27 15:09:58.253463+00	4	cursox	1	[{"added": {}}]	7	1
13	2024-10-27 17:42:36.893877+00	4	cursox	2	[]	7	1
14	2024-10-27 17:42:52.213048+00	5	other	1	[{"added": {}}]	7	1
15	2024-10-27 17:43:24.423308+00	5	other	2	[{"added": {"name": "tema", "object": "Tema object (2)"}}]	7	1
16	2024-10-27 17:55:18.009139+00	5	other	2	[{"added": {"name": "tema", "object": "Tema object (3)"}}]	7	1
17	2024-10-31 04:31:27.561671+00	5	other	3		7	1
18	2024-10-31 04:31:27.561671+00	4	cursox	3		7	1
19	2024-10-31 04:31:27.561671+00	3	ggggg	3		7	1
20	2024-10-31 04:31:27.561671+00	2	eee	3		7	1
21	2024-10-31 04:31:52.707935+00	6	Cruso GO	1	[{"added": {}}]	7	1
22	2024-10-31 04:32:54.623387+00	6	Cruso GO	2	[{"added": {"name": "tema", "object": "Tema object (4)"}}]	7	1
23	2024-10-31 04:41:43.548605+00	6	Cruso GO	2	[{"added": {"name": "tema", "object": "Tema object (5)"}}]	7	1
24	2024-10-31 04:58:29.504874+00	7	Curso VIM	1	[{"added": {}}, {"added": {"name": "tema", "object": "Tema object (6)"}}]	7	1
25	2024-10-31 04:58:35.836362+00	7	Curso VIM	2	[]	7	1
26	2024-11-05 23:43:54.910659+00	8	Curso Java	1	[{"added": {}}]	7	1
27	2024-11-05 23:44:35.053754+00	8	Curso Java	2	[{"added": {"name": "tema", "object": "Tema object (7)"}}]	7	1
28	2024-11-05 23:44:40.442347+00	8	Curso Java	2	[]	7	1
29	2024-11-05 23:45:57.855933+00	9	Tailwind	1	[{"added": {}}, {"added": {"name": "tema", "object": "Tema object (8)"}}]	7	1
30	2024-11-05 23:46:04.232183+00	9	Tailwind	2	[]	7	1
31	2024-11-06 00:00:11.59287+00	10	Curso pendiente	1	[{"added": {}}]	7	1
32	2024-11-06 23:35:41.355209+00	9	Tailwind	2	[{"changed": {"fields": ["Tags"]}}]	7	1
33	2024-11-06 23:38:51.093695+00	9	Tailwind	2	[{"added": {"name": "tema", "object": "Tema object (9)"}}]	7	1
34	2024-11-07 01:51:41.075958+00	8	Curso Java	2	[{"changed": {"fields": ["Tags"]}}]	7	1
35	2024-11-07 01:52:02.428608+00	7	Curso VIM	2	[{"changed": {"fields": ["Tags"]}}]	7	1
36	2024-11-07 01:52:16.091948+00	6	Cruso GO	2	[{"changed": {"fields": ["Tags"]}}]	7	1
37	2024-11-16 22:06:03.378719+00	10	Curso pendiente	2	[{"changed": {"fields": ["Tags"]}}]	7	1
38	2024-11-16 22:06:32.843283+00	6	Cruso GO	2	[{"changed": {"fields": ["Tags"]}}]	7	1
39	2024-11-17 23:08:57.653273+00	10	Curso pendiente	2	[{"changed": {"fields": ["Categoria", "Tipo", "Calificacion"]}}]	7	1
40	2024-11-17 23:09:19.397092+00	9	Tailwind	2	[{"changed": {"fields": ["Categoria", "Tipo", "Calificacion"]}}]	7	1
41	2024-11-17 23:09:34.414768+00	8	Curso Java	2	[{"changed": {"fields": ["Calificacion"]}}]	7	1
42	2024-11-17 23:09:47.354044+00	7	Curso VIM	2	[{"changed": {"fields": ["Tipo", "Calificacion"]}}]	7	1
43	2024-11-17 23:10:06.794317+00	6	Cruso GO	2	[{"changed": {"fields": ["Calificacion"]}}]	7	1
44	2024-11-23 02:04:17.545239+00	1	Profile object (1)	2	[{"added": {"name": "nota", "object": "Nota de admin: soy nuevo..."}}]	9	1
45	2024-11-23 02:04:31.8132+00	1	Profile object (1)	2	[{"added": {"name": "nota", "object": "Nota de admin: este es mi segunda n..."}}]	9	1
46	2024-11-23 02:04:51.213578+00	1	Profile object (1)	2	[{"added": {"name": "nota", "object": "Nota de admin: voy por mi tercer no..."}}]	9	1
47	2024-11-25 20:08:35.511375+00	9	Tailwind	2	[{"added": {"name": "tema", "object": "Tema object (10)"}}]	7	1
48	2024-11-25 20:09:14.297142+00	9	Tailwind	2	[{"added": {"name": "tema", "object": "Tema object (11)"}}]	7	1
49	2024-11-25 20:09:42.596319+00	9	Tailwind	2	[{"added": {"name": "tema", "object": "Tema object (12)"}}]	7	1
50	2024-11-28 02:27:54.060773+00	11	Agregar BBDD Postgsql a tu proyecto en Django (con ejemplo)	1	[{"added": {}}, {"added": {"name": "tema", "object": "Tema object (13)"}}]	7	1
\.


--
-- Data for Name: django_content_type; Type: TABLE DATA; Schema: public; Owner: postgres
--

COPY public.django_content_type (id, app_label, model) FROM stdin;
1	admin	logentry
2	auth	permission
3	auth	group
4	auth	user
5	contenttypes	contenttype
6	sessions	session
7	app	curso
8	app	tema
9	app	profile
10	sites	site
11	account	emailaddress
12	account	emailconfirmation
13	socialaccount	socialaccount
14	socialaccount	socialapp
15	socialaccount	socialtoken
16	app	nota
\.


--
-- Data for Name: django_migrations; Type: TABLE DATA; Schema: public; Owner: postgres
--

COPY public.django_migrations (id, app, name, applied) FROM stdin;
1	contenttypes	0001_initial	2024-10-14 00:28:34.904435+00
2	auth	0001_initial	2024-10-14 00:28:35.008638+00
3	admin	0001_initial	2024-10-14 00:28:35.034945+00
4	admin	0002_logentry_remove_auto_add	2024-10-14 00:28:35.040954+00
5	admin	0003_logentry_add_action_flag_choices	2024-10-14 00:28:35.046938+00
6	app	0001_initial	2024-10-14 00:28:35.084093+00
7	contenttypes	0002_remove_content_type_name	2024-10-14 00:28:35.099056+00
8	auth	0002_alter_permission_name_max_length	2024-10-14 00:28:35.105065+00
9	auth	0003_alter_user_email_max_length	2024-10-14 00:28:35.112021+00
10	auth	0004_alter_user_username_opts	2024-10-14 00:28:35.118029+00
11	auth	0005_alter_user_last_login_null	2024-10-14 00:28:35.125012+00
12	auth	0006_require_contenttypes_0002	2024-10-14 00:28:35.125983+00
13	auth	0007_alter_validators_add_error_messages	2024-10-14 00:28:35.131967+00
14	auth	0008_alter_user_username_max_length	2024-10-14 00:28:35.146032+00
15	auth	0009_alter_user_last_name_max_length	2024-10-14 00:28:35.155008+00
16	auth	0010_alter_group_name_max_length	2024-10-14 00:28:35.163019+00
17	auth	0011_update_proxy_permissions	2024-10-14 00:28:35.169036+00
18	auth	0012_alter_user_first_name_max_length	2024-10-14 00:28:35.176022+00
19	sessions	0001_initial	2024-10-14 00:28:35.193306+00
20	account	0001_initial	2024-10-18 19:58:08.465964+00
21	account	0002_email_max_length	2024-10-18 19:58:08.479951+00
22	account	0003_alter_emailaddress_create_unique_verified_email	2024-10-18 19:58:08.500081+00
23	account	0004_alter_emailaddress_drop_unique_email	2024-10-18 19:58:08.517036+00
24	account	0005_emailaddress_idx_upper_email	2024-10-18 19:58:08.533111+00
25	account	0006_emailaddress_lower	2024-10-18 19:58:08.545081+00
26	account	0007_emailaddress_idx_email	2024-10-18 19:58:08.566149+00
27	account	0008_emailaddress_unique_primary_email_fixup	2024-10-18 19:58:08.578153+00
28	account	0009_emailaddress_unique_primary_email	2024-10-18 19:58:08.589157+00
29	sites	0001_initial	2024-10-18 19:58:08.596105+00
30	sites	0002_alter_domain_unique	2024-10-18 19:58:08.606186+00
31	socialaccount	0001_initial	2024-10-18 19:58:08.699839+00
32	socialaccount	0002_token_max_lengths	2024-10-18 19:58:08.720898+00
33	socialaccount	0003_extra_data_default_dict	2024-10-18 19:58:08.727877+00
34	socialaccount	0004_app_provider_id_settings	2024-10-18 19:58:08.74583+00
35	socialaccount	0005_socialtoken_nullable_app	2024-10-18 19:58:08.762785+00
36	socialaccount	0006_alter_socialaccount_extra_data	2024-10-18 19:58:08.785169+00
37	app	0002_profile_cursos	2024-10-18 20:27:21.859208+00
38	app	0003_curso_descripcion_curso_imagen	2024-10-23 00:59:27.197597+00
39	app	0004_alter_curso_imagen	2024-10-23 02:48:07.544124+00
40	app	0005_tema_imagen	2024-10-25 23:36:45.920403+00
41	app	0006_rename_nombre_tema_name	2024-10-27 17:41:38.23805+00
42	app	0007_rename_curso_tema_curso	2024-10-27 17:52:52.903916+00
43	app	0008_alter_curso_imagen	2024-11-06 00:00:03.352144+00
44	app	0009_curso_tags	2024-11-06 22:44:31.15273+00
45	app	0010_curso_calificacion_curso_categoria_curso_tipo	2024-11-17 22:38:04.330221+00
46	app	0011_nota	2024-11-23 01:56:55.656547+00
\.


--
-- Data for Name: django_session; Type: TABLE DATA; Schema: public; Owner: postgres
--

COPY public.django_session (session_key, session_data, expire_date) FROM stdin;
b0517r7yv2su44vvho7916ae15cvh2mk	.eJyt0k1v4jAQBuD_4nPk9bdjbkVVSimlVKUrllUVOY4hhiihiZOWIv77OtpeKu1lVW6W3_E80oxPoK2N06U2pu4qn7Zee9uC0QmskkmRPZE5mT7m6I2_gtHvEzg0tbFtyEFZb10FIpBrr8Go6soyAoe9sampc5v2tnEbZ5u_yTnCkiiiYs4YlBxTQcRLBGhPF0lfXC3c2367qLJvCxQThCSU4Sz5IMh-pfB44pazeOzzLbmIgBWkGEtF4yD82uzyMptOJTPPfP6-uojAY4gZDdIgOH9Er92zXv-cJ-t1g_4l_Pg_QlEqOBRMolioQFyL8a1_vys5PT4dese_TzBGlCBQEooFDoJOHmY3d83qer70rcj8JQTKwpyYjAkdVj350Md1Mt31-vHe17OHSwgiZnjYNSOcvZwjkOrOF2nX2iZ1eWiKwZe7TJu9rYYg3-lqW0NTV75xGRxK4GfawvsAluPP2i8NCt0Ww2tlMsxig5jIkTVMMm5zi2SMmCWYS8wVwUxtlNSIhv8iNGEYYWQVlZkhCpz_AB7ROjU:1t2czV:g-4NxFwO5vOK-x7fo8Dd7QbtJ6hxaiTzLLIxrXNI8j4	2024-11-03 20:57:33.472736+00
i7qzrfo0063f9k91nnhothootf41pbpp	.eJxVj8FuwyAMht_F5wgZQkLJcfc-QVVFDngL2wJVINqqqu_esPXSm-Xv96ffNyDn0hbLSFuZOZbgqIQUx4XLnHyG4XSD_xkGuFDOP2n10AAVGKRp0arOSCN6Y3SnVQNb5jXSwnua_BIi3M8N_MnHisZQPRJedhO5L44V-E-KH0m4FMsaJlEj4kmzOCbP32_P7ItgpjzXa-smqQ8Ode-Rnd4rsWc0B9Ss5N6zs0pq-24NYdtK1ZPSEiWybc3klK3SzDnX__n3EtYrDHh_AAhNXsE:1t8mqj:OfLiUCjRKJ0ECMqwqSW9FLDuNsTfZqh5GOYPhf5Z8Kg	2024-11-20 20:41:57.687438+00
gd4yxn04xe9otkd8venjsm0e94h7p58j	.eJxVj8FuwyAMQP_F5whhIKHkuPu-YJoiB7yFbYEqEG1T1X9vaXvpzfJ7fpJPQN7nPdWJ9rpwqtFTjTlNK9clhwLj2wnuM4xwpFJ-8xagA6owotWI6AZjhdJqUKg62AtviVa-2hTWmOD83sEtPjU0xdZBeNrN5L85NRC-KH1m4XOqW5xFU8SDFvGaA_-8PNynwEJladfOz2gOXpohSPbGmp4DS3uQhhX2Fnun0LgPZ0lqjWogZVCiZKft7JVr0cKltP_57xi3fxjl-QL4A16u:1t9bId:FAfc86hva-eKzHE3ETxcf_OO5bLdE27yYd4zFxGH9PU	2024-11-23 02:34:07.248544+00
fu36apvqt9tt6oezvb6qrbro0pprjcg7	.eJxVj8FuwyAMQP_F5whhIKXkuPu-YJoiB9yGbYEqEK1V1X9v2XrpzfJ7fpKvQN7nLdWRtjpzqtFTjTmNC9c5hwLDxxX-ZxjgRKX85jVAB1RhQKuVQu2sEdIZ16sOtsJrooUfMoUlJrh9dvDXHhsaY8sgvOwm8t-cGghflI5Z-JzqGifRFPGkRbznwD9vT_clMFOZ27XzE5q9l2YXJHtjTc-Bpd1Lwwp7i71TaNzBWZJao9qRMihRstN28sq1aOFS2vt8PsX1AoO83QG-k16I:1tEBz4:p-CoFOveUffZ_lioORvMWzF5co1nPhgU3Bpea6-DdRg	2024-12-05 18:32:54.116938+00
oc22kvu0u46fpwmcn7xlsrqtsb929hpz	.eJxVj0FOxDAMAP_icxXFabpueuTOCxCq3MTQAE1WTSpAq_07BPayN8szHskXYO_zkerMR10l1ei5xpzmTeqaQ4Hp6QL_M0xw5lI-8x6gA64wIfXGOOtIK0I3InVwFNkTb_Irc9higutzB3_tuaE5tgzC3W5h_y6pgfDG6TUrn1Pd46Kaom60qMcc5OPh5t4FVi5ru3Z-QTt6bU9Bi7dkBwmiadRWDA6EgzNo3Ysj1n2P5sTGokYtrqfFG9eiRUpp78vXOe7fMOnrD8ZiXpE:1tEX3S:Ob4A2BZRu0yivM3_SdsEB9qyO4cE5E8y4suHGw8b4n0	2024-12-06 17:02:50.786638+00
h2snyzqao950y0ip4g5c21ba1kra7spw	.eJxVjMsOwiAQRf-FtSEzMJTi0r3fQHiMUjWQlHZl_HdD0oVu7znnvoUP-1b83nn1SxZngeL0u8WQnlwHyI9Q702mVrd1iXIo8qBdXlvm1-Vw_w5K6GXULkWkOQFNGTiRJcOZwc5ArNBYNE4huZuzAbRGNQVFCAjstI1JOfH5AsQ3NnQ:1tFfN9:Asw9SREJthdn_JednObnt2Z-tSCqLG5bqVChmwrhVlk	2024-12-09 20:07:51.121947+00
\.


--
-- Data for Name: django_site; Type: TABLE DATA; Schema: public; Owner: postgres
--

COPY public.django_site (id, domain, name) FROM stdin;
2	example.com	example.com
3	127.0.0.1:8000	127.0.0.1:8000
\.


--
-- Data for Name: socialaccount_socialaccount; Type: TABLE DATA; Schema: public; Owner: postgres
--

COPY public.socialaccount_socialaccount (id, provider, uid, last_login, date_joined, extra_data, user_id) FROM stdin;
1	google	115657684074767062428	2024-10-19 00:41:01.906966+00	2024-10-18 22:35:39.208186+00	{"aud": "170944266206-9cnof4760jfdh7evqav9dl5a3rgum8rk.apps.googleusercontent.com", "azp": "170944266206-9cnof4760jfdh7evqav9dl5a3rgum8rk.apps.googleusercontent.com", "exp": 1729302062, "iat": 1729298462, "iss": "https://accounts.google.com", "sub": "115657684074767062428", "name": "J. Omar Faccuseh Suarez", "email": "omarfaccuseh750@gmail.com", "at_hash": "K7RY6CjGwLLithla8M45xg", "picture": "https://lh3.googleusercontent.com/a/ACg8ocLWKq85qEFj4c3jxTLDAsq4W6vhOvAai_K_iEHnictH7NEcMAdD=s96-c", "given_name": "J. Omar", "family_name": "Faccuseh Suarez", "email_verified": true}	2
\.


--
-- Data for Name: socialaccount_socialapp; Type: TABLE DATA; Schema: public; Owner: postgres
--

COPY public.socialaccount_socialapp (id, provider, name, client_id, secret, key, provider_id, settings) FROM stdin;
\.


--
-- Data for Name: socialaccount_socialapp_sites; Type: TABLE DATA; Schema: public; Owner: postgres
--

COPY public.socialaccount_socialapp_sites (id, socialapp_id, site_id) FROM stdin;
\.


--
-- Data for Name: socialaccount_socialtoken; Type: TABLE DATA; Schema: public; Owner: postgres
--

COPY public.socialaccount_socialtoken (id, token, token_secret, expires_at, account_id, app_id) FROM stdin;
\.


--
-- Name: account_emailaddress_id_seq; Type: SEQUENCE SET; Schema: public; Owner: postgres
--

SELECT pg_catalog.setval('public.account_emailaddress_id_seq', 1, true);


--
-- Name: account_emailconfirmation_id_seq; Type: SEQUENCE SET; Schema: public; Owner: postgres
--

SELECT pg_catalog.setval('public.account_emailconfirmation_id_seq', 1, false);


--
-- Name: app_curso_id_seq; Type: SEQUENCE SET; Schema: public; Owner: postgres
--

SELECT pg_catalog.setval('public.app_curso_id_seq', 11, true);


--
-- Name: app_nota_id_seq; Type: SEQUENCE SET; Schema: public; Owner: postgres
--

SELECT pg_catalog.setval('public.app_nota_id_seq', 4, true);


--
-- Name: app_profile_cursos_id_seq; Type: SEQUENCE SET; Schema: public; Owner: postgres
--

SELECT pg_catalog.setval('public.app_profile_cursos_id_seq', 3, true);


--
-- Name: app_profile_id_seq; Type: SEQUENCE SET; Schema: public; Owner: postgres
--

SELECT pg_catalog.setval('public.app_profile_id_seq', 1, true);


--
-- Name: app_tema_id_seq; Type: SEQUENCE SET; Schema: public; Owner: postgres
--

SELECT pg_catalog.setval('public.app_tema_id_seq', 13, true);


--
-- Name: auth_group_id_seq; Type: SEQUENCE SET; Schema: public; Owner: postgres
--

SELECT pg_catalog.setval('public.auth_group_id_seq', 1, false);


--
-- Name: auth_group_permissions_id_seq; Type: SEQUENCE SET; Schema: public; Owner: postgres
--

SELECT pg_catalog.setval('public.auth_group_permissions_id_seq', 1, false);


--
-- Name: auth_permission_id_seq; Type: SEQUENCE SET; Schema: public; Owner: postgres
--

SELECT pg_catalog.setval('public.auth_permission_id_seq', 64, true);


--
-- Name: auth_user_groups_id_seq; Type: SEQUENCE SET; Schema: public; Owner: postgres
--

SELECT pg_catalog.setval('public.auth_user_groups_id_seq', 1, false);


--
-- Name: auth_user_id_seq; Type: SEQUENCE SET; Schema: public; Owner: postgres
--

SELECT pg_catalog.setval('public.auth_user_id_seq', 2, true);


--
-- Name: auth_user_user_permissions_id_seq; Type: SEQUENCE SET; Schema: public; Owner: postgres
--

SELECT pg_catalog.setval('public.auth_user_user_permissions_id_seq', 1, false);


--
-- Name: django_admin_log_id_seq; Type: SEQUENCE SET; Schema: public; Owner: postgres
--

SELECT pg_catalog.setval('public.django_admin_log_id_seq', 50, true);


--
-- Name: django_content_type_id_seq; Type: SEQUENCE SET; Schema: public; Owner: postgres
--

SELECT pg_catalog.setval('public.django_content_type_id_seq', 16, true);


--
-- Name: django_migrations_id_seq; Type: SEQUENCE SET; Schema: public; Owner: postgres
--

SELECT pg_catalog.setval('public.django_migrations_id_seq', 46, true);


--
-- Name: django_site_id_seq; Type: SEQUENCE SET; Schema: public; Owner: postgres
--

SELECT pg_catalog.setval('public.django_site_id_seq', 3, true);


--
-- Name: socialaccount_socialaccount_id_seq; Type: SEQUENCE SET; Schema: public; Owner: postgres
--

SELECT pg_catalog.setval('public.socialaccount_socialaccount_id_seq', 1, true);


--
-- Name: socialaccount_socialapp_id_seq; Type: SEQUENCE SET; Schema: public; Owner: postgres
--

SELECT pg_catalog.setval('public.socialaccount_socialapp_id_seq', 1, false);


--
-- Name: socialaccount_socialapp_sites_id_seq; Type: SEQUENCE SET; Schema: public; Owner: postgres
--

SELECT pg_catalog.setval('public.socialaccount_socialapp_sites_id_seq', 1, false);


--
-- Name: socialaccount_socialtoken_id_seq; Type: SEQUENCE SET; Schema: public; Owner: postgres
--

SELECT pg_catalog.setval('public.socialaccount_socialtoken_id_seq', 1, false);


--
-- Name: account_emailaddress account_emailaddress_pkey; Type: CONSTRAINT; Schema: public; Owner: postgres
--

ALTER TABLE ONLY public.account_emailaddress
    ADD CONSTRAINT account_emailaddress_pkey PRIMARY KEY (id);


--
-- Name: account_emailaddress account_emailaddress_user_id_email_987c8728_uniq; Type: CONSTRAINT; Schema: public; Owner: postgres
--

ALTER TABLE ONLY public.account_emailaddress
    ADD CONSTRAINT account_emailaddress_user_id_email_987c8728_uniq UNIQUE (user_id, email);


--
-- Name: account_emailconfirmation account_emailconfirmation_key_key; Type: CONSTRAINT; Schema: public; Owner: postgres
--

ALTER TABLE ONLY public.account_emailconfirmation
    ADD CONSTRAINT account_emailconfirmation_key_key UNIQUE (key);


--
-- Name: account_emailconfirmation account_emailconfirmation_pkey; Type: CONSTRAINT; Schema: public; Owner: postgres
--

ALTER TABLE ONLY public.account_emailconfirmation
    ADD CONSTRAINT account_emailconfirmation_pkey PRIMARY KEY (id);


--
-- Name: app_curso app_curso_pkey; Type: CONSTRAINT; Schema: public; Owner: postgres
--

ALTER TABLE ONLY public.app_curso
    ADD CONSTRAINT app_curso_pkey PRIMARY KEY (id);


--
-- Name: app_nota app_nota_pkey; Type: CONSTRAINT; Schema: public; Owner: postgres
--

ALTER TABLE ONLY public.app_nota
    ADD CONSTRAINT app_nota_pkey PRIMARY KEY (id);


--
-- Name: app_profile_cursos app_profile_cursos_pkey; Type: CONSTRAINT; Schema: public; Owner: postgres
--

ALTER TABLE ONLY public.app_profile_cursos
    ADD CONSTRAINT app_profile_cursos_pkey PRIMARY KEY (id);


--
-- Name: app_profile_cursos app_profile_cursos_profile_id_curso_id_f232dae2_uniq; Type: CONSTRAINT; Schema: public; Owner: postgres
--

ALTER TABLE ONLY public.app_profile_cursos
    ADD CONSTRAINT app_profile_cursos_profile_id_curso_id_f232dae2_uniq UNIQUE (profile_id, curso_id);


--
-- Name: app_profile app_profile_pkey; Type: CONSTRAINT; Schema: public; Owner: postgres
--

ALTER TABLE ONLY public.app_profile
    ADD CONSTRAINT app_profile_pkey PRIMARY KEY (id);


--
-- Name: app_profile app_profile_user_id_key; Type: CONSTRAINT; Schema: public; Owner: postgres
--

ALTER TABLE ONLY public.app_profile
    ADD CONSTRAINT app_profile_user_id_key UNIQUE (user_id);


--
-- Name: app_tema app_tema_pkey; Type: CONSTRAINT; Schema: public; Owner: postgres
--

ALTER TABLE ONLY public.app_tema
    ADD CONSTRAINT app_tema_pkey PRIMARY KEY (id);


--
-- Name: auth_group auth_group_name_key; Type: CONSTRAINT; Schema: public; Owner: postgres
--

ALTER TABLE ONLY public.auth_group
    ADD CONSTRAINT auth_group_name_key UNIQUE (name);


--
-- Name: auth_group_permissions auth_group_permissions_group_id_permission_id_0cd325b0_uniq; Type: CONSTRAINT; Schema: public; Owner: postgres
--

ALTER TABLE ONLY public.auth_group_permissions
    ADD CONSTRAINT auth_group_permissions_group_id_permission_id_0cd325b0_uniq UNIQUE (group_id, permission_id);


--
-- Name: auth_group_permissions auth_group_permissions_pkey; Type: CONSTRAINT; Schema: public; Owner: postgres
--

ALTER TABLE ONLY public.auth_group_permissions
    ADD CONSTRAINT auth_group_permissions_pkey PRIMARY KEY (id);


--
-- Name: auth_group auth_group_pkey; Type: CONSTRAINT; Schema: public; Owner: postgres
--

ALTER TABLE ONLY public.auth_group
    ADD CONSTRAINT auth_group_pkey PRIMARY KEY (id);


--
-- Name: auth_permission auth_permission_content_type_id_codename_01ab375a_uniq; Type: CONSTRAINT; Schema: public; Owner: postgres
--

ALTER TABLE ONLY public.auth_permission
    ADD CONSTRAINT auth_permission_content_type_id_codename_01ab375a_uniq UNIQUE (content_type_id, codename);


--
-- Name: auth_permission auth_permission_pkey; Type: CONSTRAINT; Schema: public; Owner: postgres
--

ALTER TABLE ONLY public.auth_permission
    ADD CONSTRAINT auth_permission_pkey PRIMARY KEY (id);


--
-- Name: auth_user_groups auth_user_groups_pkey; Type: CONSTRAINT; Schema: public; Owner: postgres
--

ALTER TABLE ONLY public.auth_user_groups
    ADD CONSTRAINT auth_user_groups_pkey PRIMARY KEY (id);


--
-- Name: auth_user_groups auth_user_groups_user_id_group_id_94350c0c_uniq; Type: CONSTRAINT; Schema: public; Owner: postgres
--

ALTER TABLE ONLY public.auth_user_groups
    ADD CONSTRAINT auth_user_groups_user_id_group_id_94350c0c_uniq UNIQUE (user_id, group_id);


--
-- Name: auth_user auth_user_pkey; Type: CONSTRAINT; Schema: public; Owner: postgres
--

ALTER TABLE ONLY public.auth_user
    ADD CONSTRAINT auth_user_pkey PRIMARY KEY (id);


--
-- Name: auth_user_user_permissions auth_user_user_permissions_pkey; Type: CONSTRAINT; Schema: public; Owner: postgres
--

ALTER TABLE ONLY public.auth_user_user_permissions
    ADD CONSTRAINT auth_user_user_permissions_pkey PRIMARY KEY (id);


--
-- Name: auth_user_user_permissions auth_user_user_permissions_user_id_permission_id_14a6b632_uniq; Type: CONSTRAINT; Schema: public; Owner: postgres
--

ALTER TABLE ONLY public.auth_user_user_permissions
    ADD CONSTRAINT auth_user_user_permissions_user_id_permission_id_14a6b632_uniq UNIQUE (user_id, permission_id);


--
-- Name: auth_user auth_user_username_key; Type: CONSTRAINT; Schema: public; Owner: postgres
--

ALTER TABLE ONLY public.auth_user
    ADD CONSTRAINT auth_user_username_key UNIQUE (username);


--
-- Name: django_admin_log django_admin_log_pkey; Type: CONSTRAINT; Schema: public; Owner: postgres
--

ALTER TABLE ONLY public.django_admin_log
    ADD CONSTRAINT django_admin_log_pkey PRIMARY KEY (id);


--
-- Name: django_content_type django_content_type_app_label_model_76bd3d3b_uniq; Type: CONSTRAINT; Schema: public; Owner: postgres
--

ALTER TABLE ONLY public.django_content_type
    ADD CONSTRAINT django_content_type_app_label_model_76bd3d3b_uniq UNIQUE (app_label, model);


--
-- Name: django_content_type django_content_type_pkey; Type: CONSTRAINT; Schema: public; Owner: postgres
--

ALTER TABLE ONLY public.django_content_type
    ADD CONSTRAINT django_content_type_pkey PRIMARY KEY (id);


--
-- Name: django_migrations django_migrations_pkey; Type: CONSTRAINT; Schema: public; Owner: postgres
--

ALTER TABLE ONLY public.django_migrations
    ADD CONSTRAINT django_migrations_pkey PRIMARY KEY (id);


--
-- Name: django_session django_session_pkey; Type: CONSTRAINT; Schema: public; Owner: postgres
--

ALTER TABLE ONLY public.django_session
    ADD CONSTRAINT django_session_pkey PRIMARY KEY (session_key);


--
-- Name: django_site django_site_domain_a2e37b91_uniq; Type: CONSTRAINT; Schema: public; Owner: postgres
--

ALTER TABLE ONLY public.django_site
    ADD CONSTRAINT django_site_domain_a2e37b91_uniq UNIQUE (domain);


--
-- Name: django_site django_site_pkey; Type: CONSTRAINT; Schema: public; Owner: postgres
--

ALTER TABLE ONLY public.django_site
    ADD CONSTRAINT django_site_pkey PRIMARY KEY (id);


--
-- Name: socialaccount_socialaccount socialaccount_socialaccount_pkey; Type: CONSTRAINT; Schema: public; Owner: postgres
--

ALTER TABLE ONLY public.socialaccount_socialaccount
    ADD CONSTRAINT socialaccount_socialaccount_pkey PRIMARY KEY (id);


--
-- Name: socialaccount_socialaccount socialaccount_socialaccount_provider_uid_fc810c6e_uniq; Type: CONSTRAINT; Schema: public; Owner: postgres
--

ALTER TABLE ONLY public.socialaccount_socialaccount
    ADD CONSTRAINT socialaccount_socialaccount_provider_uid_fc810c6e_uniq UNIQUE (provider, uid);


--
-- Name: socialaccount_socialapp_sites socialaccount_socialapp__socialapp_id_site_id_71a9a768_uniq; Type: CONSTRAINT; Schema: public; Owner: postgres
--

ALTER TABLE ONLY public.socialaccount_socialapp_sites
    ADD CONSTRAINT socialaccount_socialapp__socialapp_id_site_id_71a9a768_uniq UNIQUE (socialapp_id, site_id);


--
-- Name: socialaccount_socialapp socialaccount_socialapp_pkey; Type: CONSTRAINT; Schema: public; Owner: postgres
--

ALTER TABLE ONLY public.socialaccount_socialapp
    ADD CONSTRAINT socialaccount_socialapp_pkey PRIMARY KEY (id);


--
-- Name: socialaccount_socialapp_sites socialaccount_socialapp_sites_pkey; Type: CONSTRAINT; Schema: public; Owner: postgres
--

ALTER TABLE ONLY public.socialaccount_socialapp_sites
    ADD CONSTRAINT socialaccount_socialapp_sites_pkey PRIMARY KEY (id);


--
-- Name: socialaccount_socialtoken socialaccount_socialtoken_app_id_account_id_fca4e0ac_uniq; Type: CONSTRAINT; Schema: public; Owner: postgres
--

ALTER TABLE ONLY public.socialaccount_socialtoken
    ADD CONSTRAINT socialaccount_socialtoken_app_id_account_id_fca4e0ac_uniq UNIQUE (app_id, account_id);


--
-- Name: socialaccount_socialtoken socialaccount_socialtoken_pkey; Type: CONSTRAINT; Schema: public; Owner: postgres
--

ALTER TABLE ONLY public.socialaccount_socialtoken
    ADD CONSTRAINT socialaccount_socialtoken_pkey PRIMARY KEY (id);


--
-- Name: account_emailaddress_email_03be32b2; Type: INDEX; Schema: public; Owner: postgres
--

CREATE INDEX account_emailaddress_email_03be32b2 ON public.account_emailaddress USING btree (email);


--
-- Name: account_emailaddress_email_03be32b2_like; Type: INDEX; Schema: public; Owner: postgres
--

CREATE INDEX account_emailaddress_email_03be32b2_like ON public.account_emailaddress USING btree (email varchar_pattern_ops);


--
-- Name: account_emailaddress_user_id_2c513194; Type: INDEX; Schema: public; Owner: postgres
--

CREATE INDEX account_emailaddress_user_id_2c513194 ON public.account_emailaddress USING btree (user_id);


--
-- Name: account_emailconfirmation_email_address_id_5b7f8c58; Type: INDEX; Schema: public; Owner: postgres
--

CREATE INDEX account_emailconfirmation_email_address_id_5b7f8c58 ON public.account_emailconfirmation USING btree (email_address_id);


--
-- Name: account_emailconfirmation_key_f43612bd_like; Type: INDEX; Schema: public; Owner: postgres
--

CREATE INDEX account_emailconfirmation_key_f43612bd_like ON public.account_emailconfirmation USING btree (key varchar_pattern_ops);


--
-- Name: app_nota_perfil_id_0838c227; Type: INDEX; Schema: public; Owner: postgres
--

CREATE INDEX app_nota_perfil_id_0838c227 ON public.app_nota USING btree (perfil_id);


--
-- Name: app_profile_cursos_curso_id_d21445b3; Type: INDEX; Schema: public; Owner: postgres
--

CREATE INDEX app_profile_cursos_curso_id_d21445b3 ON public.app_profile_cursos USING btree (curso_id);


--
-- Name: app_profile_cursos_profile_id_fea66010; Type: INDEX; Schema: public; Owner: postgres
--

CREATE INDEX app_profile_cursos_profile_id_fea66010 ON public.app_profile_cursos USING btree (profile_id);


--
-- Name: app_tema_Curso_id_390143d1; Type: INDEX; Schema: public; Owner: postgres
--

CREATE INDEX "app_tema_Curso_id_390143d1" ON public.app_tema USING btree (curso_id);


--
-- Name: auth_group_name_a6ea08ec_like; Type: INDEX; Schema: public; Owner: postgres
--

CREATE INDEX auth_group_name_a6ea08ec_like ON public.auth_group USING btree (name varchar_pattern_ops);


--
-- Name: auth_group_permissions_group_id_b120cbf9; Type: INDEX; Schema: public; Owner: postgres
--

CREATE INDEX auth_group_permissions_group_id_b120cbf9 ON public.auth_group_permissions USING btree (group_id);


--
-- Name: auth_group_permissions_permission_id_84c5c92e; Type: INDEX; Schema: public; Owner: postgres
--

CREATE INDEX auth_group_permissions_permission_id_84c5c92e ON public.auth_group_permissions USING btree (permission_id);


--
-- Name: auth_permission_content_type_id_2f476e4b; Type: INDEX; Schema: public; Owner: postgres
--

CREATE INDEX auth_permission_content_type_id_2f476e4b ON public.auth_permission USING btree (content_type_id);


--
-- Name: auth_user_groups_group_id_97559544; Type: INDEX; Schema: public; Owner: postgres
--

CREATE INDEX auth_user_groups_group_id_97559544 ON public.auth_user_groups USING btree (group_id);


--
-- Name: auth_user_groups_user_id_6a12ed8b; Type: INDEX; Schema: public; Owner: postgres
--

CREATE INDEX auth_user_groups_user_id_6a12ed8b ON public.auth_user_groups USING btree (user_id);


--
-- Name: auth_user_user_permissions_permission_id_1fbb5f2c; Type: INDEX; Schema: public; Owner: postgres
--

CREATE INDEX auth_user_user_permissions_permission_id_1fbb5f2c ON public.auth_user_user_permissions USING btree (permission_id);


--
-- Name: auth_user_user_permissions_user_id_a95ead1b; Type: INDEX; Schema: public; Owner: postgres
--

CREATE INDEX auth_user_user_permissions_user_id_a95ead1b ON public.auth_user_user_permissions USING btree (user_id);


--
-- Name: auth_user_username_6821ab7c_like; Type: INDEX; Schema: public; Owner: postgres
--

CREATE INDEX auth_user_username_6821ab7c_like ON public.auth_user USING btree (username varchar_pattern_ops);


--
-- Name: django_admin_log_content_type_id_c4bce8eb; Type: INDEX; Schema: public; Owner: postgres
--

CREATE INDEX django_admin_log_content_type_id_c4bce8eb ON public.django_admin_log USING btree (content_type_id);


--
-- Name: django_admin_log_user_id_c564eba6; Type: INDEX; Schema: public; Owner: postgres
--

CREATE INDEX django_admin_log_user_id_c564eba6 ON public.django_admin_log USING btree (user_id);


--
-- Name: django_session_expire_date_a5c62663; Type: INDEX; Schema: public; Owner: postgres
--

CREATE INDEX django_session_expire_date_a5c62663 ON public.django_session USING btree (expire_date);


--
-- Name: django_session_session_key_c0390e0f_like; Type: INDEX; Schema: public; Owner: postgres
--

CREATE INDEX django_session_session_key_c0390e0f_like ON public.django_session USING btree (session_key varchar_pattern_ops);


--
-- Name: django_site_domain_a2e37b91_like; Type: INDEX; Schema: public; Owner: postgres
--

CREATE INDEX django_site_domain_a2e37b91_like ON public.django_site USING btree (domain varchar_pattern_ops);


--
-- Name: socialaccount_socialaccount_user_id_8146e70c; Type: INDEX; Schema: public; Owner: postgres
--

CREATE INDEX socialaccount_socialaccount_user_id_8146e70c ON public.socialaccount_socialaccount USING btree (user_id);


--
-- Name: socialaccount_socialapp_sites_site_id_2579dee5; Type: INDEX; Schema: public; Owner: postgres
--

CREATE INDEX socialaccount_socialapp_sites_site_id_2579dee5 ON public.socialaccount_socialapp_sites USING btree (site_id);


--
-- Name: socialaccount_socialapp_sites_socialapp_id_97fb6e7d; Type: INDEX; Schema: public; Owner: postgres
--

CREATE INDEX socialaccount_socialapp_sites_socialapp_id_97fb6e7d ON public.socialaccount_socialapp_sites USING btree (socialapp_id);


--
-- Name: socialaccount_socialtoken_account_id_951f210e; Type: INDEX; Schema: public; Owner: postgres
--

CREATE INDEX socialaccount_socialtoken_account_id_951f210e ON public.socialaccount_socialtoken USING btree (account_id);


--
-- Name: socialaccount_socialtoken_app_id_636a42d7; Type: INDEX; Schema: public; Owner: postgres
--

CREATE INDEX socialaccount_socialtoken_app_id_636a42d7 ON public.socialaccount_socialtoken USING btree (app_id);


--
-- Name: unique_primary_email; Type: INDEX; Schema: public; Owner: postgres
--

CREATE UNIQUE INDEX unique_primary_email ON public.account_emailaddress USING btree (user_id, "primary") WHERE "primary";


--
-- Name: unique_verified_email; Type: INDEX; Schema: public; Owner: postgres
--

CREATE UNIQUE INDEX unique_verified_email ON public.account_emailaddress USING btree (email) WHERE verified;


--
-- Name: account_emailaddress account_emailaddress_user_id_2c513194_fk_auth_user_id; Type: FK CONSTRAINT; Schema: public; Owner: postgres
--

ALTER TABLE ONLY public.account_emailaddress
    ADD CONSTRAINT account_emailaddress_user_id_2c513194_fk_auth_user_id FOREIGN KEY (user_id) REFERENCES public.auth_user(id) DEFERRABLE INITIALLY DEFERRED;


--
-- Name: account_emailconfirmation account_emailconfirm_email_address_id_5b7f8c58_fk_account_e; Type: FK CONSTRAINT; Schema: public; Owner: postgres
--

ALTER TABLE ONLY public.account_emailconfirmation
    ADD CONSTRAINT account_emailconfirm_email_address_id_5b7f8c58_fk_account_e FOREIGN KEY (email_address_id) REFERENCES public.account_emailaddress(id) DEFERRABLE INITIALLY DEFERRED;


--
-- Name: app_nota app_nota_perfil_id_0838c227_fk_app_profile_id; Type: FK CONSTRAINT; Schema: public; Owner: postgres
--

ALTER TABLE ONLY public.app_nota
    ADD CONSTRAINT app_nota_perfil_id_0838c227_fk_app_profile_id FOREIGN KEY (perfil_id) REFERENCES public.app_profile(id) DEFERRABLE INITIALLY DEFERRED;


--
-- Name: app_profile_cursos app_profile_cursos_curso_id_d21445b3_fk_app_curso_id; Type: FK CONSTRAINT; Schema: public; Owner: postgres
--

ALTER TABLE ONLY public.app_profile_cursos
    ADD CONSTRAINT app_profile_cursos_curso_id_d21445b3_fk_app_curso_id FOREIGN KEY (curso_id) REFERENCES public.app_curso(id) DEFERRABLE INITIALLY DEFERRED;


--
-- Name: app_profile_cursos app_profile_cursos_profile_id_fea66010_fk_app_profile_id; Type: FK CONSTRAINT; Schema: public; Owner: postgres
--

ALTER TABLE ONLY public.app_profile_cursos
    ADD CONSTRAINT app_profile_cursos_profile_id_fea66010_fk_app_profile_id FOREIGN KEY (profile_id) REFERENCES public.app_profile(id) DEFERRABLE INITIALLY DEFERRED;


--
-- Name: app_profile app_profile_user_id_87d292a0_fk_auth_user_id; Type: FK CONSTRAINT; Schema: public; Owner: postgres
--

ALTER TABLE ONLY public.app_profile
    ADD CONSTRAINT app_profile_user_id_87d292a0_fk_auth_user_id FOREIGN KEY (user_id) REFERENCES public.auth_user(id) DEFERRABLE INITIALLY DEFERRED;


--
-- Name: app_tema app_tema_curso_id_9d53f4a5_fk_app_curso_id; Type: FK CONSTRAINT; Schema: public; Owner: postgres
--

ALTER TABLE ONLY public.app_tema
    ADD CONSTRAINT app_tema_curso_id_9d53f4a5_fk_app_curso_id FOREIGN KEY (curso_id) REFERENCES public.app_curso(id) DEFERRABLE INITIALLY DEFERRED;


--
-- Name: auth_group_permissions auth_group_permissio_permission_id_84c5c92e_fk_auth_perm; Type: FK CONSTRAINT; Schema: public; Owner: postgres
--

ALTER TABLE ONLY public.auth_group_permissions
    ADD CONSTRAINT auth_group_permissio_permission_id_84c5c92e_fk_auth_perm FOREIGN KEY (permission_id) REFERENCES public.auth_permission(id) DEFERRABLE INITIALLY DEFERRED;


--
-- Name: auth_group_permissions auth_group_permissions_group_id_b120cbf9_fk_auth_group_id; Type: FK CONSTRAINT; Schema: public; Owner: postgres
--

ALTER TABLE ONLY public.auth_group_permissions
    ADD CONSTRAINT auth_group_permissions_group_id_b120cbf9_fk_auth_group_id FOREIGN KEY (group_id) REFERENCES public.auth_group(id) DEFERRABLE INITIALLY DEFERRED;


--
-- Name: auth_permission auth_permission_content_type_id_2f476e4b_fk_django_co; Type: FK CONSTRAINT; Schema: public; Owner: postgres
--

ALTER TABLE ONLY public.auth_permission
    ADD CONSTRAINT auth_permission_content_type_id_2f476e4b_fk_django_co FOREIGN KEY (content_type_id) REFERENCES public.django_content_type(id) DEFERRABLE INITIALLY DEFERRED;


--
-- Name: auth_user_groups auth_user_groups_group_id_97559544_fk_auth_group_id; Type: FK CONSTRAINT; Schema: public; Owner: postgres
--

ALTER TABLE ONLY public.auth_user_groups
    ADD CONSTRAINT auth_user_groups_group_id_97559544_fk_auth_group_id FOREIGN KEY (group_id) REFERENCES public.auth_group(id) DEFERRABLE INITIALLY DEFERRED;


--
-- Name: auth_user_groups auth_user_groups_user_id_6a12ed8b_fk_auth_user_id; Type: FK CONSTRAINT; Schema: public; Owner: postgres
--

ALTER TABLE ONLY public.auth_user_groups
    ADD CONSTRAINT auth_user_groups_user_id_6a12ed8b_fk_auth_user_id FOREIGN KEY (user_id) REFERENCES public.auth_user(id) DEFERRABLE INITIALLY DEFERRED;


--
-- Name: auth_user_user_permissions auth_user_user_permi_permission_id_1fbb5f2c_fk_auth_perm; Type: FK CONSTRAINT; Schema: public; Owner: postgres
--

ALTER TABLE ONLY public.auth_user_user_permissions
    ADD CONSTRAINT auth_user_user_permi_permission_id_1fbb5f2c_fk_auth_perm FOREIGN KEY (permission_id) REFERENCES public.auth_permission(id) DEFERRABLE INITIALLY DEFERRED;


--
-- Name: auth_user_user_permissions auth_user_user_permissions_user_id_a95ead1b_fk_auth_user_id; Type: FK CONSTRAINT; Schema: public; Owner: postgres
--

ALTER TABLE ONLY public.auth_user_user_permissions
    ADD CONSTRAINT auth_user_user_permissions_user_id_a95ead1b_fk_auth_user_id FOREIGN KEY (user_id) REFERENCES public.auth_user(id) DEFERRABLE INITIALLY DEFERRED;


--
-- Name: django_admin_log django_admin_log_content_type_id_c4bce8eb_fk_django_co; Type: FK CONSTRAINT; Schema: public; Owner: postgres
--

ALTER TABLE ONLY public.django_admin_log
    ADD CONSTRAINT django_admin_log_content_type_id_c4bce8eb_fk_django_co FOREIGN KEY (content_type_id) REFERENCES public.django_content_type(id) DEFERRABLE INITIALLY DEFERRED;


--
-- Name: django_admin_log django_admin_log_user_id_c564eba6_fk_auth_user_id; Type: FK CONSTRAINT; Schema: public; Owner: postgres
--

ALTER TABLE ONLY public.django_admin_log
    ADD CONSTRAINT django_admin_log_user_id_c564eba6_fk_auth_user_id FOREIGN KEY (user_id) REFERENCES public.auth_user(id) DEFERRABLE INITIALLY DEFERRED;


--
-- Name: socialaccount_socialtoken socialaccount_social_account_id_951f210e_fk_socialacc; Type: FK CONSTRAINT; Schema: public; Owner: postgres
--

ALTER TABLE ONLY public.socialaccount_socialtoken
    ADD CONSTRAINT socialaccount_social_account_id_951f210e_fk_socialacc FOREIGN KEY (account_id) REFERENCES public.socialaccount_socialaccount(id) DEFERRABLE INITIALLY DEFERRED;


--
-- Name: socialaccount_socialtoken socialaccount_social_app_id_636a42d7_fk_socialacc; Type: FK CONSTRAINT; Schema: public; Owner: postgres
--

ALTER TABLE ONLY public.socialaccount_socialtoken
    ADD CONSTRAINT socialaccount_social_app_id_636a42d7_fk_socialacc FOREIGN KEY (app_id) REFERENCES public.socialaccount_socialapp(id) DEFERRABLE INITIALLY DEFERRED;


--
-- Name: socialaccount_socialapp_sites socialaccount_social_site_id_2579dee5_fk_django_si; Type: FK CONSTRAINT; Schema: public; Owner: postgres
--

ALTER TABLE ONLY public.socialaccount_socialapp_sites
    ADD CONSTRAINT socialaccount_social_site_id_2579dee5_fk_django_si FOREIGN KEY (site_id) REFERENCES public.django_site(id) DEFERRABLE INITIALLY DEFERRED;


--
-- Name: socialaccount_socialapp_sites socialaccount_social_socialapp_id_97fb6e7d_fk_socialacc; Type: FK CONSTRAINT; Schema: public; Owner: postgres
--

ALTER TABLE ONLY public.socialaccount_socialapp_sites
    ADD CONSTRAINT socialaccount_social_socialapp_id_97fb6e7d_fk_socialacc FOREIGN KEY (socialapp_id) REFERENCES public.socialaccount_socialapp(id) DEFERRABLE INITIALLY DEFERRED;


--
-- Name: socialaccount_socialaccount socialaccount_socialaccount_user_id_8146e70c_fk_auth_user_id; Type: FK CONSTRAINT; Schema: public; Owner: postgres
--

ALTER TABLE ONLY public.socialaccount_socialaccount
    ADD CONSTRAINT socialaccount_socialaccount_user_id_8146e70c_fk_auth_user_id FOREIGN KEY (user_id) REFERENCES public.auth_user(id) DEFERRABLE INITIALLY DEFERRED;


--
-- PostgreSQL database dump complete
--

